,gdp_per_capita,gdp_per_capita,gdp_per_capita,gdp_per_capita,gdp_per_capita,gdp_per_capita,gdp_per_capita,gdp_per_capita,employment_rate,employment_rate,employment_rate,employment_rate,employment_rate,employment_rate,employment_rate,employment_rate,gdp_growth,gdp_growth,gdp_growth,gdp_growth,gdp_growth,gdp_growth,gdp_growth,gdp_growth
,count,mean,std,min,25%,50%,75%,max,count,mean,std,min,25%,50%,75%,max,count,mean,std,min,25%,50%,75%,max
iso3,,,,,,,,,,,,,,,,,,,,,,,,
CHN,34.0,5177.692768491223,3663.094727125817,917.270661782581,1977.5324300923376,4146.55556889676,8053.1441204664,12484.1578844175,33.0,69.12324242424242,4.132756465350208,62.523,66.078,68.824,72.293,76.84,34.0,8.835047890227642,2.904720323173874,2.34018843078414,7.099560090504663,8.914912642233915,10.12810373832815,14.2996108947926
USA,34.0,51454.49942784108,7564.771147442235,38637.8398159491,46005.8843964117,52731.1271456581,56553.4126234285,65505.2557007675,33.0,60.46842424242424,1.8724932581704914,56.598,58.979,60.58,61.897,63.506,34.0,2.491121020695486,1.757600682275646,-2.57650023225001,1.9154387622870674,2.689811657978075,3.512760366602735,6.05505293304556
